solidity,perimeter,equivalent_diameter,eccentricity,bbox_area,area,extent,major_axis_length,min_axis_length,min_major_axis_ratio,convex_area,type,chromosome_num
0.678321678,94.56854249,15.71650316,0.986272845,925,194,0.20972973,45.98529233,7.593267021,0.165123818,286,0,1
0.830860534,82.59797975,18.88139488,0.90777042,435,280,0.643678161,30.65517412,12.85884487,0.419467357,233,0,1
0.899736148,80.42640687,20.8368588,0.90181465,609,341,0.559934319,32.47503378,14.03321089,0.432123058,307,0,1
0.861313869,86.52691193,21.23032734,0.919290247,465,354,0.761290323,34.98649981,13.7699966,0.393580286,305,0,1
0.847222222,99.87615434,21.58716455,0.912799832,704,366,0.519886364,35.04309385,14.31185297,0.408407232,310,0,1
0.84,91.01219331,21.93819837,0.817964996,624,378,0.605769231,31.48213593,18.11066521,0.575267995,318,0,1
0.850446429,97.01219331,22.02508267,0.924356353,525,381,0.725714286,37.21431078,14.19838535,0.381530252,324,0,1
0.910165485,88.52691193,22.14039803,0.932800125,510,385,0.754901961,37.67390424,13.57745379,0.360394126,350,0,1
0.876379691,91.35533906,22.48279563,0.858002842,540,397,0.735185185,33.10945424,17.0065036,0.513644939,348,0,1
0.862985685,99.84062043,23.17988542,0.9382289,629,422,0.6709062,40.64876928,14.06509274,0.346015218,364,0,1
0.822857143,98.91168825,23.45292057,0.896424261,837,432,0.516129032,37.82763856,16.76509438,0.443196959,355,0,1
0.891348089,97.01219331,23.74963407,0.937526021,722,443,0.613573407,41.23452747,14.34611725,0.347915161,395,0,1
0.862332696,101.6396103,23.96311822,0.946688797,1088,451,0.414522059,44.07533967,14.19885004,0.322149532,389,0,1
0.876660342,98.08326112,24.25359086,0.936876118,851,462,0.542890717,42.23476873,14.76787111,0.349661465,405,0,1
0.87732342,103.7401154,24.51467041,0.945814076,936,472,0.504273504,44.3873067,14.41294424,0.324708691,414,0,1
0.862838915,108.4264069,26.24542996,0.93689128,840,541,0.644047619,46.04410006,16.0979768,0.349620837,467,0,1
0.851959361,118.7106781,27.33846398,0.954334557,1386,587,0.423520924,52.13314321,15.57425222,0.298739943,500,0,1
0.849570201,116.9116882,27.47782834,0.89390759,966,593,0.613871636,42.43635231,19.02214974,0.448251292,504,0,1
0.87661406,121.6396103,27.89174361,0.957778252,1222,611,0.5,52.7029691,15.15252242,0.287507946,536,0,1
0.715116279,134.5685425,27.98289335,0.931082532,1419,615,0.433403805,52.37660725,19.10743699,0.364808604,440,0,1
0.802597403,129.1543289,28.05106127,0.963863922,1040,618,0.594230769,57.21646946,15.24218616,0.266395084,496,0,1
0.879603399,115.7401154,28.11906395,0.77985386,864,621,0.71875,37.14635469,23.2521926,0.625961626,546,0,1
0.879382889,131.1543289,28.25457829,0.967130697,1166,627,0.537735849,57.20290226,14.54554227,0.254279795,551,0,1
0.817026684,135.3969696,28.61281229,0.968193763,1045,643,0.615311005,60.16794114,15.05411483,0.250201595,525,0,1
0.900689655,128.3675324,28.83444854,0.961055273,1677,653,0.389385808,55.73174554,15.40181466,0.276356222,588,0,1
0.758064516,145.1959595,28.94463025,0.971927898,2024,658,0.325098814,65.1858222,15.33684868,0.235278902,499,0,1
0.913448735,111.0538239,29.55405772,0.884630532,1260,686,0.544444444,44.11408877,20.57007468,0.466292635,627,0,1
0.888601036,128.7106781,29.55405772,0.885648944,1118,686,0.613595707,44.71850433,20.76527948,0.464355412,610,0,1
0.865671642,124.2253967,29.76868696,0.730397903,1122,696,0.620320856,38.1752067,26.07450186,0.683021891,603,0,1
0.902849741,117.0538239,29.79006483,0.863057218,1332,697,0.523273273,42.82019732,21.62874569,0.505106166,629,0,1
0.714142427,151.5391052,30.10891157,0.951642228,1900,712,0.374736842,62.09659884,19.07660379,0.307208513,508,0,1
0.833333333,147.4386002,30.27759026,0.974363612,1925,720,0.374025974,66.15020378,14.88240686,0.224979003,600,0,1
0.857312723,123.882251,30.29860907,0.89663694,1260,721,0.572222222,47.12006154,20.86318603,0.442766528,618,0,1
0.81011236,149.8528137,30.29860907,0.974849598,1960,721,0.367857143,67.70787587,15.08963271,0.222863773,584,0,1
0.878493317,148.5685425,30.34060301,0.973735828,944,723,0.765889831,65.41676773,14.89414052,0.227680777,635,0,1
0.896805897,122.9116882,30.48712626,0.920268793,966,730,0.755693582,49.79844254,19.48547255,0.391286786,655,0,1
0.905637255,128.9533188,30.67448489,0.929212496,1596,739,0.463032581,51.37220603,18.98438569,0.369545853,669,0,1
0.926157697,118.0832611,30.69523193,0.90586925,990,740,0.747474747,47.65711935,20.18552731,0.423557437,685,0,1
0.85483871,155.3969696,30.73668398,0.978646698,1088,742,0.681985294,69.36110447,14.25714772,0.205549606,634,0,1
0.794023479,149.0954544,30.77808021,0.972962844,2256,744,0.329787234,67.6917136,15.63419298,0.230961696,591,0,1
0.743283582,154.7106781,30.84007036,0.963434649,2067,747,0.361393324,67.04193235,17.96344483,0.267943423,555,0,1
0.872663551,128.1248917,30.84007036,0.899153166,1517,747,0.492419249,48.06940655,21.03681033,0.437634076,652,0,1
0.890736342,127.6396103,30.90193616,0.926639608,1440,750,0.520833333,51.43106803,19.33555337,0.375950843,668,0,1
0.794926004,155.5391052,30.94311131,0.976745283,2100,752,0.358095238,70.57246089,15.13094841,0.214403015,598,0,1
0.740450539,150.5685425,31.02529767,0.941045878,1400,756,0.54,59.99857274,20.29625485,0.338278961,560,0,1
0.811563169,157.7817459,31.06630932,0.977840255,2088,758,0.36302682,71.53730167,14.97650729,0.209352421,615,0,1
0.833879781,159.7523087,31.16860235,0.976731521,2262,763,0.337312113,70.21691304,15.05911924,0.214465698,636,0,1
0.870601589,130.1248917,31.25019569,0.929388556,1472,767,0.521059783,53.01194014,19.56685806,0.369102848,668,0,1
0.859060403,146.4030663,31.27056076,0.899360003,1530,768,0.501960784,49.83071691,21.78643081,0.437208857,660,0,1
0.842278204,162.1665222,31.29091258,0.975007651,2255,769,0.341019956,69.03439981,15.33746135,0.222171286,648,0,1
0.905152225,145.9238816,31.37218781,0.973469519,2173,773,0.355729406,66.77927309,15.28021481,0.228816729,700,0,1
0.836206897,149.6812409,31.43300633,0.97213907,2200,776,0.352727273,67.8432098,15.90277681,0.234404841,649,0,1
0.860592755,124.7106781,31.59461668,0.851187488,1419,784,0.552501762,45.36825966,23.81206435,0.524861754,675,0,1
0.821129707,146.4680374,31.61475989,0.929555705,1584,785,0.495580808,54.88314145,20.23440948,0.368681693,645,0,1
0.916473318,118.7106781,31.71528402,0.853811453,1320,790,0.598484848,44.57361801,23.20423963,0.520582368,724,0,1
0.856988082,159.3969696,31.73535063,0.977065664,1152,791,0.686631944,71.35176308,15.19351785,0.212938226,678,0,1
0.9342723,121.6396103,31.83549399,0.89078739,1350,796,0.58962963,47.81748585,21.72923716,0.454420319,744,0,1
0.862068966,159.2375901,31.91538243,0.979908159,2592,800,0.308641975,73.73729521,14.70684775,0.199449243,690,0,1
0.809045226,152.0243866,32.01496265,0.929961135,1833,805,0.439170758,56.68422155,20.84039852,0.367657841,651,0,1
0.913929785,126.9116882,32.05470812,0.920581155,1225,807,0.65877551,52.07012151,20.33605487,0.390551324,738,0,1
0.900332226,121.254834,32.17364993,0.868141138,1204,813,0.675249169,46.41210866,23.03513721,0.496317402,732,0,1
0.804154303,137.6396103,32.17364993,0.703294289,1520,813,0.534868421,42.97562836,30.55132381,0.710898828,654,0,1
0.902305159,133.1959595,32.35124272,0.924921425,1672,822,0.491626794,53.39279853,20.29771729,0.380158333,742,0,1
0.9375,121.7401154,32.41022407,0.89754833,1288,825,0.64052795,49.23908838,21.71030619,0.440916087,773,0,1
0.774133083,163.882251,32.42986068,0.972979643,1280,826,0.6453125,71.94716745,16.61194718,0.230890913,639,0,1
0.83201581,132.4680374,32.74244488,0.827354377,1600,842,0.52625,47.58692952,26.72863981,0.561680278,701,0,1
0.80513308,144.8111832,32.83951727,0.918560389,1560,847,0.542948718,57.04190852,22.54756404,0.395280674,682,0,1
0.87966805,138.3259018,32.85889733,0.945165537,1188,848,0.713804714,59.06610478,19.29049676,0.326591652,746,0,1
0.922580645,127.2964646,33.052073,0.879493918,1560,858,0.55,48.78193544,23.21581706,0.475910126,792,0,1
0.895768834,139.0954544,33.24412617,0.946225072,2021,868,0.429490351,60.20048319,19.47540186,0.323509062,778,0,1
0.912906611,146.0243866,33.28240382,0.935911186,1716,870,0.506993007,56.98817915,20.07329255,0.352236075,794,0,1
0.84922179,141.2964646,33.33973789,0.941734534,1620,873,0.538888889,60.23994811,20.26213142,0.336357053,741,0,1
0.899487179,138.3675324,33.4160303,0.909886599,1600,877,0.548125,53.43439133,22.16763422,0.414857055,789,0,1
0.896656535,137.5807358,33.56809493,0.936008883,1974,885,0.448328267,58.59696564,20.6247478,0.351976379,794,0,1
0.874755382,147.0538239,33.7383484,0.953871707,1160,894,0.770689655,63.17575028,18.96627854,0.300214536,782,0,1
0.93125,126.4680374,33.7383484,0.864423316,1305,894,0.685057471,48.08482427,24.17535163,0.502764687,833,0,1
0.801971326,175.5391052,33.75721245,0.981984313,2070,895,0.43236715,81.18297474,15.34053423,0.188962455,718,0,1
0.91353001,140.509668,33.81374145,0.941413359,2000,898,0.449,59.31082743,20.00286899,0.337254931,820,0,1
0.910732197,129.0538239,34.00149271,0.86932618,1440,908,0.630555556,49.36148177,24.39635961,0.494238802,827,0,1
0.901671583,143.5391052,34.16958681,0.931824424,1938,917,0.473168215,58.13286598,21.09696433,0.362909414,827,0,1
0.705611068,180.8528137,34.18821291,0.972356908,1725,918,0.532173913,83.02575038,19.38647614,0.233499559,648,0,1
0.835443038,144.7106781,34.29975713,0.924430566,1911,924,0.483516484,59.19689873,22.57476104,0.3813504,772,0,1
0.90625,137.2964646,34.37391886,0.899551741,1728,928,0.537037037,52.83671074,23.07982671,0.436814222,841,0,1
0.882241216,145.882251,34.3924343,0.939501736,1855,929,0.500808625,60.53356385,20.73541758,0.34254414,820,0,1
0.871482176,137.0538239,34.3924343,0.795292424,1596,929,0.582080201,46.76159851,28.34809669,0.606225997,810,0,1
0.91798419,136.4680374,34.3924343,0.896712231,1620,929,0.57345679,52.5786999,23.27206998,0.442614025,853,0,1
0.950920245,122.9116882,34.41093978,0.805031292,1260,930,0.738095238,44.98130125,26.68436299,0.593232349,884,0,1
0.897016362,143.4974747,34.44792092,0.948369513,1276,932,0.730407524,62.57775876,19.84763559,0.317167569,836,0,1
0.894184938,146.3675324,34.5586269,0.944291951,1944,938,0.482510288,61.40506711,20.20895814,0.329108966,839,0,1
0.935515873,139.7817459,34.65061169,0.927756554,1836,943,0.513616558,57.51987721,21.46561178,0.373185981,882,0,1
0.904806786,142.0243866,34.96154978,0.928475194,2016,960,0.476190476,58.46961285,21.71528794,0.37139442,869,0,1
0.862657092,144.8528137,34.97975418,0.933375027,2050,961,0.468780488,61.25654591,21.98513214,0.358902576,829,0,1
0.90754717,141.6396103,34.99794911,0.93227004,1749,962,0.550028588,59.1395955,21.39452603,0.361763144,873,0,1
0.901303538,142.5685425,35.10692068,0.928883616,1378,968,0.702467344,59.24790251,21.94374896,0.370371744,872,0,1
0.820620285,148.9533188,35.30582833,0.93593274,1792,979,0.546316964,63.81943205,22.47585097,0.3521788,803,0,1
0.860892388,187.4974747,35.3958714,0.987096235,1680,984,0.585714286,91.60882149,14.66915053,0.160128144,847,0,1
0.910516605,144.3259018,35.44978746,0.938928161,1210,987,0.815702479,61.70161581,21.2323418,0.344113222,899,0,1
0.845034247,149.5391052,35.44978746,0.924983228,1680,987,0.5875,60.75237664,23.086385,0.380007932,834,0,1
0.889186774,153.0538239,35.59316433,0.954248773,1680,995,0.592261905,66.6377762,19.92561762,0.299013844,885,0,1
0.922723091,135.3969696,35.73596596,0.416115549,1443,1003,0.695079695,38.73660105,35.2236463,0.909311745,925,0,1
0.865748709,148.7106781,35.78936968,0.932510594,1705,1006,0.590029326,61.67161534,22.27224882,0.361142621,871,0,1
0.86672326,153.882251,36.05520178,0.900882171,1512,1021,0.67526455,56.83346746,24.66934631,0.43406372,885,0,1
0.780654989,194.2670273,36.12575997,0.983444815,2574,1025,0.398212898,89.9282387,16.29570528,0.181207878,800,0,1
0.888311688,148.9533188,36.143378,0.932592041,2014,1026,0.509433962,61.69924568,22.2692473,0.360932246,911,0,1
0.909251101,148.0243866,36.24890633,0.938345571,2067,1032,0.499274311,62.81650197,21.71558295,0.345698698,938,0,1
0.826538769,193.2792206,36.28401424,0.984435291,3840,1034,0.269270833,91.12105801,16.01429153,0.175747427,855,0,1
0.908611599,147.9238816,36.28401424,0.930496268,2208,1034,0.468297101,61.57101175,22.55354606,0.366301372,940,0,1
0.897058824,142.8111832,36.3366125,0.700488239,1517,1037,0.683586025,45.62694032,32.56230225,0.713663945,930,0,1
0.787009063,195.6223664,36.42410748,0.984057992,3672,1042,0.283769063,91.84791928,16.33495779,0.177847881,820,0,1
0.805705474,206.1665222,36.47650373,0.987357296,2656,1045,0.393448795,95.30838312,15.10737707,0.158510475,842,0,1
0.838141026,154.8528137,36.49395243,0.782620647,1833,1046,0.570649209,49.64000315,30.90084904,0.622498934,877,0,1
0.869817579,157.4386002,36.54624854,0.942097095,2184,1049,0.480311355,65.10418217,21.83205087,0.335340222,912,0,1
0.849757674,170.1248917,36.59846993,0.962719653,1920,1052,0.547916667,73.14865557,19.78679507,0.270501145,894,0,1
0.877805486,162.8528137,36.66798275,0.955131216,2548,1056,0.4144427,69.07644818,20.45926867,0.296182986,927,0,1
0.874380165,163.0954544,36.7026898,0.960955608,2440,1058,0.433606557,71.67969037,19.83395535,0.276702581,925,0,1
0.89486755,153.6812409,37.09948716,0.932527539,2288,1081,0.472465035,63.18218982,22.81501697,0.361098864,967,0,1
0.847298356,204.0243866,37.116643,0.987514015,2788,1082,0.388091822,97.73743355,15.3966923,0.15753117,917,0,1
0.860739575,158.6101731,37.32189789,0.922659634,2214,1094,0.494128275,62.21034074,23.98926245,0.385615352,942,0,1
0.864460205,156.509668,37.37303547,0.929127185,2397,1097,0.457655403,63.58636766,23.51171385,0.369760292,948,0,1
0.764091858,215.7228714,37.39006579,0.986961558,3526,1098,0.311401021,99.16185376,15.96071047,0.160956153,839,0,1
0.878087649,150.5685425,37.45810965,0.823717616,1722,1102,0.639953542,52.56299967,29.8032342,0.567000255,968,0,1
0.864526233,167.1959595,37.49208526,0.957334489,2440,1104,0.452459016,71.78180808,20.74366042,0.288982139,954,0,1
0.881180223,151.9827561,37.50906153,0.920170756,1508,1105,0.732758621,61.66610438,24.14334546,0.39151728,974,0,1
0.875692795,166.0243866,37.52603012,0.953793649,2331,1106,0.474474474,70.55964781,21.20052373,0.300462437,969,0,1
0.609006041,201.7817459,37.57688991,0.916896201,2795,1109,0.396779964,80.52139848,32.13816274,0.39912574,675,0,1
0.87785658,154.0243866,37.66150359,0.918364063,2184,1114,0.51007326,61.56677703,24.36422632,0.395736589,978,0,1
0.906504065,154.1665222,37.67840353,0.933641722,2450,1115,0.455102041,64.28261442,23.0265615,0.35820823,1011,0,1
0.844711178,168.7106781,37.86380498,0.961640998,1876,1126,0.60021322,76.14406078,20.88716272,0.274311122,951,0,1
0.864122137,157.5391052,37.96455142,0.917175806,1881,1132,0.601807549,62.2542096,24.80723163,0.398482798,978,0,1
0.79944095,212.0071427,38.16524648,0.988085024,4650,1144,0.246021505,104.2014756,16.03754664,0.153909017,915,0,1
0.647258338,221.137085,38.18192345,0.976267149,4575,1145,0.250273224,102.8083517,22.26517842,0.216569744,741,0,1
0.765176785,195.0538239,38.21525556,0.980508142,2050,1147,0.559512195,93.2499285,18.32160179,0.196478454,878,0,1
0.925866237,149.4386002,38.24855863,0.890815167,2132,1149,0.538930582,57.37135728,26.06758627,0.454365863,1064,0,1
0.853907962,177.5391052,38.58000814,0.576150178,1763,1169,0.663074305,46.23457704,37.7895473,0.817343852,998,0,1
0.580357143,226.509668,38.5965059,0.9585155,3572,1170,0.327547592,97.57956144,27.8141183,0.285040411,679,0,1
0.879491018,162.01829,38.67888914,0.926347898,1682,1175,0.698573127,65.24208742,24.57467504,0.376669049,1033,0,1
0.888301887,176.7523087,38.71179335,0.963588733,2925,1177,0.402393162,76.74529492,20.52082992,0.267388769,1046,0,1
0.843951324,179.9238816,38.74466961,0.955161454,2760,1179,0.427173913,74.96134065,22.19496274,0.296085456,995,0,1
0.908461538,176.2253967,38.777518,0.967699565,1702,1181,0.693889542,78.29381383,19.73835841,0.252106232,1073,0,1
0.888972243,163.2670273,38.84313145,0.928522677,2520,1185,0.470238095,66.12621911,24.55105759,0.371275689,1053,0,1
0.766300839,185.3380951,38.87589664,0.944411042,2010,1187,0.590547264,76.09185354,25.01649548,0.328767067,910,0,1
0.820371645,182.7523087,38.95768907,0.969345485,2800,1192,0.425714286,81.75472655,20.08727603,0.245701709,978,0,1
0.797072522,187.4802307,39.05561387,0.963741769,1971,1198,0.607813293,80.11977136,21.37889216,0.26683666,955,0,1
0.698311008,224.6518036,39.07191081,0.983785096,3003,1199,0.399267399,104.6930242,18.77682859,0.179351287,837,0,1
0.902861446,171.882251,39.07191081,0.958138522,1564,1199,0.766624041,74.37619226,21.29427827,0.286305034,1083,0,1
0.881318681,173.882251,39.1370307,0.95825737,1632,1203,0.737132353,75.17851235,21.49406293,0.285907,1060,0,1
0.777061856,180.6518036,39.18579961,0.927665636,2205,1206,0.546938776,71.00712733,26.51490829,0.373411928,937,0,1
0.90411985,173.4802307,39.20204243,0.96224253,3050,1207,0.395737705,76.46020677,20.81197287,0.272193521,1091,0,1
0.89739777,184.0243866,39.20204243,0.96575426,2336,1207,0.516695205,78.46762276,20.35909105,0.259458492,1083,0,1
0.83933518,178.509668,39.28315578,0.961012301,2640,1212,0.459090909,77.90577677,21.54138516,0.276505621,1017,0,1
0.863380282,177.8233765,39.50938726,0.956381477,2706,1226,0.453067258,75.02738001,21.91704645,0.292120642,1059,0,1
0.850901526,183.6812409,39.5254971,0.93990818,2356,1227,0.520797963,71.01658586,24.24700236,0.341427317,1044,0,1
0.782636248,178.1665222,39.65414023,0.93421942,2646,1235,0.466742252,73.84830983,26.34160772,0.356698857,967,0,1
0.898982558,171.0538239,39.68623586,0.954396,1943,1237,0.636644364,74.32695154,22.18983502,0.298543591,1112,0,1
0.903413217,169.8233765,39.79836672,0.950951457,2820,1244,0.441134752,73.08140654,22.60701312,0.309340148,1124,0,1
0.901591896,163.9827561,39.83034613,0.934018613,1612,1246,0.772952854,68.00916013,24.29452752,0.357224343,1123,0,1
0.911337209,160.4091629,39.95800782,0.932149206,2650,1254,0.473207547,67.87951095,24.57743202,0.362074383,1143,0,1
0.7520908,186.9949494,40.03758967,0.927157668,2958,1259,0.425625423,73.9692403,27.7141589,0.374671401,947,0,1
0.872060858,168.6518036,40.06937816,0.939330267,2842,1261,0.443701619,70.52905653,24.19245836,0.343014065,1100,0,1
0.782447466,188.8944443,40.14873925,0.958201166,3339,1266,0.379155436,81.63096671,23.35423646,0.286095307,991,0,1
0.746022392,196.7523087,40.14873925,0.878918787,2379,1266,0.532156368,67.08861148,31.99935237,0.476971451,944,0,1
0.835968379,178.6101731,40.1962807,0.949993836,2310,1269,0.549350649,75.48278496,23.57090764,0.312268654,1061,0,1
0.656153051,235.0365799,40.1962807,0.954433992,4071,1269,0.311717023,92.73750361,27.67492143,0.298422109,833,0,1
0.851234156,185.3797257,40.30699268,0.96642869,3538,1276,0.360655738,82.02856444,21.07600812,0.256934987,1086,0,1
0.853626081,171.5807358,40.4174014,0.946368899,2891,1283,0.443791076,73.72610907,23.82002705,0.32308808,1095,0,1
0.841519319,177.9238816,40.44889139,0.945757836,3000,1285,0.428333333,75.08030651,24.39152384,0.32487246,1081,0,1
0.891184573,166.8528137,40.59029405,0.928924896,2379,1294,0.543926019,68.28730727,25.28461818,0.370268198,1153,0,1
0.894085282,175.4386002,40.68428945,0.939632318,2405,1300,0.540540541,70.73573832,24.20476372,0.342185779,1162,0,1
0.892150171,169.8233765,40.79367702,0.941328108,2772,1307,0.471500722,72.45757244,24.45390924,0.337492803,1166,0,1
0.800973828,177.6812409,40.93388866,0.872086121,2420,1316,0.543801653,65.00781227,31.81173069,0.489352427,1054,0,1
0.873258129,187.8233765,40.93388866,0.968283038,3195,1316,0.411893584,84.34868113,21.07501367,0.249855877,1149,0,1
0.758045977,190.6518036,40.98051927,0.906686065,3000,1319,0.439666667,73.05690666,30.81584833,0.421806092,1000,0,1
0.828517588,183.3380951,40.98051927,0.946018833,3078,1319,0.428525016,76.22147484,24.70426861,0.324111658,1093,0,1
0.892567568,169.6396103,41.01157689,0.933236368,2015,1321,0.655583127,70.02381373,25.15696324,0.359262969,1179,0,1
0.839796567,183.5807358,41.01157689,0.952706551,2240,1321,0.589732143,77.6540241,23.5984213,0.303891802,1109,0,1
0.885695187,166.2253967,41.07362167,0.906330585,1769,1325,0.749010741,64.779208,27.37370896,0.422569368,1174,0,1
0.834487099,185.0954544,41.08911822,0.935076471,3009,1326,0.440677966,74.53371359,26.41817953,0.354446039,1107,0,1
0.890374332,192.3675324,41.18197511,0.97216414,2812,1332,0.473684211,86.60222686,20.29097475,0.234300843,1186,0,1
0.839598997,209.3797257,41.30545957,0.978092973,4180,1340,0.320574163,93.57598096,19.47957416,0.208168527,1125,0,1
0.814545455,187.3380951,41.36706357,0.94360697,3127,1344,0.429804925,77.10875447,25.52822557,0.331067798,1095,0,1
0.865681234,188.8528137,41.41320643,0.956450237,1800,1347,0.748333333,79.261097,23.13595225,0.291895433,1166,0,1
0.52013809,265.4213562,41.55132757,0.914078156,4970,1356,0.272837022,101.0898187,40.99576969,0.405538067,705,0,1
0.7,251.3797257,41.6889911,0.986903956,5000,1365,0.273,121.7776082,19.64382007,0.161308966,956,0,1
0.755653613,214.2081528,41.76527477,0.944981601,2482,1370,0.551974214,81.42040557,26.63452665,0.327123483,1035,0,1
0.800465387,186.746212,41.85663166,0.931376444,2310,1376,0.595670996,72.62539525,26.43982546,0.364057577,1101,0,1
0.897335932,164.9533188,41.93261036,0.909847004,2074,1381,0.665863067,67.05300935,27.82323632,0.414943887,1239,0,1
0.852307692,201.6518036,41.99329434,0.966229022,3337,1385,0.415043452,84.9414628,21.88812741,0.257684842,1180,0,1
0.893521488,181.8233765,42.11439998,0.946024609,3150,1393,0.442222222,75.69694743,24.53298699,0.324094799,1245,0,1
0.74044586,207.5391052,42.14462202,0.842464517,2596,1395,0.537365177,68.05615946,36.66538062,0.538751833,1033,0,1
0.874139011,202.5512986,42.15972491,0.9737839,3850,1396,0.362597403,90.52623483,20.59246325,0.227475088,1220,0,1
0.85326087,202.0660172,42.41565132,0.972775853,3510,1413,0.402564103,91.21242533,21.1382979,0.231748008,1206,0,1
0.860097324,209.7228714,42.43065774,0.975782732,3900,1414,0.362564103,92.83978657,20.30796022,0.218741996,1216,0,1
0.885410144,208.8528137,42.43065774,0.977373536,2635,1414,0.536622391,93.88838524,19.85932897,0.211520615,1252,0,1
0.690360273,218.137085,42.49063043,0.905599035,3339,1418,0.424678047,79.60874451,33.76484456,0.424134871,979,0,1
0.902531646,197.2792206,42.61032258,0.972063433,3990,1426,0.357393484,89.37305808,20.97749264,0.234718304,1287,0,1
0.794003331,206.1665222,42.67004276,0.958749229,2310,1430,0.619047619,85.57505771,24.324989,0.284253258,1135,0,1
0.875228241,179.6396103,42.78923305,0.94144132,1863,1438,0.771873323,76.27006835,25.71650294,0.33717687,1259,0,1
0.773019272,200.6518036,42.87840835,0.949329781,2340,1444,0.617094017,84.97999418,26.70765436,0.314281668,1116,0,1
0.862686567,184.2670273,42.89325287,0.946232486,2898,1445,0.498619738,77.42515735,25.04606099,0.323487376,1247,0,1
0.89480198,201.6396103,42.90809226,0.974543626,2380,1446,0.607563025,92.39697992,20.7152135,0.22419795,1294,0,1
0.773283662,254.1492783,43.01182464,0.991139183,6076,1453,0.239137591,125.3232765,16.64636614,0.132827409,1124,0,1
0.791507893,203.9238816,43.02662313,0.961432163,2923,1454,0.497434143,87.46870018,24.05758131,0.275042172,1151,0,1
0.855803048,213.5218613,43.11530744,0.976387669,4544,1460,0.321302817,95.51325137,20.63332079,0.21602574,1249,0,1
0.830489192,197.1665222,43.11530744,0.957163088,3024,1460,0.482804233,83.12425497,24.06857345,0.289549343,1213,0,1
0.862369338,227.9238816,43.48287851,0.984012725,2852,1485,0.520687237,106.2754199,18.92745745,0.178098167,1281,0,1
0.755465175,197.9238816,43.49751675,0.872265427,2772,1486,0.536075036,71.57174224,35.00092551,0.489032744,1123,0,1
0.892621476,183.5807358,43.52677845,0.938636377,3120,1488,0.476923077,75.54784446,26.05708048,0.344908325,1328,0,1
0.877790834,178.509668,43.61444577,0.910832942,2709,1494,0.551495017,70.16944273,28.9642045,0.412775182,1311,0,1
0.87638484,205.4386002,43.74561733,0.967449343,2916,1503,0.515432099,88.49442475,22.3948195,0.25306475,1317,0,1
0.694188192,227.0954544,43.77471319,0.787733757,3213,1505,0.468409586,70.50034112,43.42932756,0.61601585,1045,0,1
0.785007808,218.5512986,43.81832075,0.963981804,3320,1508,0.454216867,91.07655382,24.22346679,0.265968197,1184,0,1
0.916818458,179.0954544,43.84736837,0.932438655,2788,1510,0.541606887,74.46643359,26.90683127,0.361328319,1384,0,1
0.904591532,210.2497834,43.94888382,0.974783763,4615,1517,0.328710726,94.65345446,21.12206538,0.223151553,1372,0,1
0.885598142,194.6518036,44.06461512,0.957424557,3519,1525,0.43336175,83.05590622,23.97687741,0.288683593,1351,0,1
0.658703072,244.1665222,44.33826628,0.936934619,3440,1544,0.448837209,96.83205741,33.84325697,0.349504677,1017,0,1
0.822778073,218.4507935,44.36697348,0.975871364,4455,1546,0.347025814,99.05969407,21.62931163,0.218346239,1272,0,1
0.846743295,187.1959595,44.38132012,0.90762022,3000,1547,0.515666667,72.96498772,30.63013667,0.419792254,1310,0,1
0.879251701,194.6518036,44.43866035,0.931730465,2691,1551,0.576365663,75.70436275,27.49208296,0.363150576,1364,0,1
0.908240795,199.0365799,44.48161702,0.953132044,3894,1554,0.399075501,82.77385494,25.04361337,0.302554634,1411,0,1
0.874090655,192.6518036,44.59596584,0.95425424,3479,1562,0.448979592,83.98747757,25.11195321,0.298996397,1365,0,1
0.812143228,233.8650071,44.63877112,0.984223506,4557,1565,0.343427694,110.9354317,19.62776395,0.176929622,1271,0,1
0.90851187,213.1787156,44.69578107,0.972812061,4650,1569,0.337419355,94.10186248,21.79361242,0.231595973,1425,0,1
0.83060686,227.5218613,44.76694141,0.972400875,4032,1574,0.390376984,96.48289727,22.51104158,0.233316393,1307,0,1
0.852591793,200.0660172,44.83798882,0.948053479,3212,1579,0.491594022,82.12575524,26.12510506,0.318110987,1346,0,1
0.882747069,214.8355698,44.86637628,0.970070135,4575,1581,0.34557377,93.05833996,22.59688247,0.242824904,1396,0,1
0.896375991,194.7106781,44.89474579,0.95290965,1976,1583,0.80111336,83.67205691,25.37391489,0.303254346,1419,0,1
0.859231186,204.5512986,44.9514311,0.959181885,3990,1587,0.397744361,87.9388689,24.86822136,0.282789871,1364,0,1
0.872737246,197.4386002,45.00804501,0.946722454,2325,1591,0.684301075,81.9847399,26.40323536,0.322050608,1389,0,1
0.722650931,234.6518036,45.02218737,0.962275053,4480,1592,0.355357143,100.8403007,27.43648004,0.272078523,1150,0,1
0.875479978,214.1076477,45.07871242,0.947522061,3828,1596,0.4169279,82.30786703,26.31303392,0.319690388,1397,0,1
0.861810391,201.137085,45.26193133,0.96087621,3888,1609,0.413837449,89.27623605,24.72756878,0.276978173,1387,0,1
0.852224576,233.8233765,45.26193133,0.976004268,3731,1609,0.431251675,99.07237362,21.5731472,0.217751391,1371,0,1
0.795778105,230.4507935,45.43040064,0.976832247,4488,1621,0.361185383,103.0297925,22.04904023,0.214006451,1290,0,1
0.791059281,222.8944443,45.52838652,0.87695539,2814,1628,0.578535892,73.17645079,35.16653788,0.480571789,1288,0,1
0.699486301,235.8650071,45.61220688,0.910221233,3612,1634,0.452380952,87.96401938,36.42786492,0.414122333,1143,0,1
0.88368336,207.8233765,45.70980303,0.959600755,3572,1641,0.459406495,88.02587238,24.76741964,0.281365228,1450,0,1
0.606273063,321.5634919,45.73764939,0.992984251,8662,1643,0.189679058,157.239819,18.59308639,0.118246679,996,0,1
0.845482546,212.7523087,45.79329132,0.932999028,3003,1647,0.548451548,81.52096499,29.33767421,0.359878888,1393,0,1
0.817866005,222.3086579,45.80719124,0.969990316,3870,1648,0.425839793,97.78730684,23.77635315,0.243143552,1348,0,1
0.900655022,199.3797257,45.83497844,0.952270467,3960,1650,0.416666667,84.76284073,25.87432858,0.305255562,1486,0,1
0.831319235,251.3797257,45.84886573,0.977409222,3610,1651,0.45734072,103.5643337,21.88890744,0.211355654,1373,0,1
0.893857759,199.4386002,45.95981293,0.953670495,2418,1659,0.686104218,85.58399422,25.74820997,0.3008531,1483,0,1
0.775974026,211.9238816,46.15332879,0.913855212,2920,1673,0.572945205,80.85388716,32.82992923,0.406040209,1298,0,1
0.896221394,206.9360749,46.30480961,0.965068035,4350,1684,0.387126437,92.59006916,24.25854309,0.261999406,1509,0,1
0.879832811,197.7228714,46.30480961,0.942178497,3744,1684,0.449786325,82.66736495,27.70277999,0.335111443,1482,0,1
0.816473988,220.7939392,46.4557965,0.952104196,3978,1695,0.426093514,90.97918067,27.81904742,0.305773774,1384,0,1
0.895877378,215.1787156,46.4557965,0.962950203,4620,1695,0.366883117,91.25388889,24.60928172,0.269679265,1519,0,1
0.797932331,212.8944443,46.49688965,0.942568386,2886,1698,0.588357588,86.460325,28.87889244,0.33401323,1355,0,1
0.911969941,212.9655121,46.5105793,0.963140788,4000,1699,0.42475,90.7746344,24.41817793,0.268997811,1549,0,1
0.783808648,224.5512986,46.57896719,0.957103552,3772,1704,0.451749735,93.45752851,27.07895264,0.289746081,1336,0,1
0.840315426,217.8650071,46.59263272,0.965420517,4623,1705,0.368808133,95.24876632,24.83112233,0.260697574,1433,0,1
0.892764185,243.0782105,46.72906825,0.969383181,5032,1715,0.34081876,96.68118959,23.74035075,0.245552944,1531,0,1
0.879548949,232.1492783,46.7426899,0.979648535,5624,1716,0.30512091,107.0972077,21.49661284,0.200720573,1509,0,1
0.887171561,237.137085,46.82433658,0.968994962,3382,1722,0.509166174,96.08740149,23.74132146,0.247080482,1528,0,1
0.908476339,206.7523087,47.16300971,0.957709756,3198,1747,0.546278924,89.05384491,25.62399978,0.28773603,1587,0,1
0.816783217,242.3086579,47.23045291,0.98069542,4606,1752,0.380373426,111.3621854,21.77593294,0.195541537,1431,0,1
0.828558008,246.4091629,47.39192502,0.983014558,4455,1764,0.395959596,115.6252806,21.22042979,0.183527596,1462,0,1
0.852870236,259.137085,47.44562693,0.977144613,2850,1768,0.620350877,105.4567393,22.41753456,0.212575647,1508,0,1
0.77157803,324.4751801,47.47245511,0.995646474,10332,1770,0.171312427,163.9807451,15.28464103,0.093209974,1366,0,1
0.912531969,218.8528137,47.6598295,0.960860113,2464,1784,0.724025974,92.00032502,25.48721911,0.277034012,1628,0,1
0.776389487,213.9655121,47.89966242,0.903662865,3040,1802,0.592763158,82.17825679,35.19239366,0.428244587,1399,0,1
0.8,259.7228714,47.92623643,0.979146044,2781,1804,0.648687522,114.1524269,23.19093718,0.203157636,1443,0,1
0.883040936,224.1665222,48.03238548,0.965277282,2958,1812,0.612576065,95.49413196,24.94568626,0.261227426,1600,0,1
0.86749285,228.8528137,48.13830046,0.969424975,2632,1820,0.691489362,99.77482635,24.48353444,0.245387893,1579,0,1
0.73245614,235.0721138,48.36259964,0.853092084,3724,1837,0.493286788,80.7383451,42.12606982,0.521760382,1346,0,1
0.820489978,249.119841,48.42837228,0.979725642,6241,1842,0.295145009,114.5276919,22.94492117,0.200343871,1511,0,1
0.764193949,254.391919,48.45465633,0.981061128,6408,1844,0.287765293,118.1929247,22.89377807,0.19369838,1409,0,1
0.885002396,210.8944443,48.49405571,0.935799747,4189,1847,0.440916687,83.86834188,29.56627697,0.352532032,1635,0,1
0.8004329,262.492424,48.52030419,0.979133828,5880,1849,0.314455782,114.969581,23.3637162,0.203216503,1480,0,1
0.916378031,224.0243866,48.5596503,0.97020401,2760,1852,0.671014493,99.75304478,24.16911062,0.242289453,1697,0,1
0.860788863,241.6639969,48.59896455,0.979000151,5852,1855,0.316985646,111.1326809,22.65545517,0.203859522,1597,0,1
0.677607586,256.0071427,48.63824703,0.962557451,5310,1858,0.349905838,111.1492578,30.13009229,0.271077764,1259,0,1
0.907669761,231.764502,48.63824703,0.970364229,5148,1858,0.360916861,100.3735002,24.25495334,0.241646981,1686,0,1
0.892462794,208.1665222,48.65133414,0.937437147,3700,1859,0.502432432,84.52136596,29.4264986,0.348154556,1659,0,1
0.769325658,252.5512986,48.80810576,0.980735445,4343,1871,0.430808197,118.839759,23.21424078,0.195340692,1439,0,1
0.746215139,256.9777054,48.83418544,0.977285173,6045,1873,0.309842845,119.275535,25.27788553,0.211928503,1398,0,1
0.847992783,225.8528137,48.92535482,0.958056006,2523,1880,0.745144669,95.71003783,27.4286817,0.286581035,1594,0,1
0.805305948,242.6934342,48.95137203,0.969807443,5074,1882,0.370910524,106.2068316,25.90086621,0.243871941,1516,0,1
0.804524114,220.6518036,48.99037193,0.919096051,4154,1885,0.45377949,82.17648267,32.38029232,0.394033564,1517,0,1
0.791475136,343.7888886,49.10718581,0.995919178,11610,1894,0.163135228,171.5124303,15.47892835,0.090249601,1499,0,1
0.870863971,246.509668,49.12014798,0.977996536,3060,1895,0.619281046,109.7253848,22.89103358,0.208621128,1650,0,1
0.741682975,273.2375901,49.12014798,0.974986693,3366,1895,0.562982769,114.8000621,25.51583401,0.222263242,1405,0,1
0.854700855,256.492424,49.18490759,0.984607121,6256,1900,0.30370844,121.2175331,21.18666735,0.174782202,1624,0,1
0.827751196,252.8772004,49.22372247,0.981508546,6557,1903,0.290224188,117.8610102,22.56075659,0.19141832,1575,0,1
0.764305722,255.4802307,49.3141717,0.975049118,3100,1910,0.616129032,113.8338238,25.26988281,0.221989229,1460,0,1
0.877813505,255.0954544,49.32707948,0.984379075,3675,1911,0.52,120.4867203,21.21313632,0.176062028,1678,0,1
0.761584158,236.1076477,49.4817102,0.935657038,4592,1923,0.418771777,95.56216775,33.72490413,0.352910623,1465,0,1
0.827600849,265.3208512,49.81509684,0.982674284,6499,1949,0.299892291,122.120715,22.63396431,0.185340909,1613,0,1
0.888080073,228.1787156,49.85342106,0.953339718,4745,1952,0.4113804,93.27868657,28.16080038,0.301899624,1734,0,1
0.756286267,270.7939392,49.89171584,0.981029955,5150,1955,0.37961165,121.1274677,23.48131078,0.193856201,1479,0,1
0.715016441,252.1076477,49.91722938,0.959056196,4836,1957,0.404673284,108.5443767,30.7414871,0.283215843,1399,0,1
0.69754186,268.2497834,49.92998126,0.966218559,6512,1958,0.300675676,117.4444669,30.26826606,0.25772407,1366,0,1
0.895338208,240.1492783,49.94272988,0.972791382,5695,1959,0.343985953,105.8553163,24.52485778,0.231682816,1754,0,1
0.796995534,246.3502884,49.99369187,0.969698486,5478,1963,0.358342461,108.1658628,26.42544208,0.244304824,1565,0,1
0.901556777,220.1665222,50.07003758,0.960114898,3612,1969,0.545127353,96.14496963,26.88268766,0.279605764,1775,0,1
0.891500904,234.2497834,50.10816682,0.967893488,5166,1972,0.381726674,101.823125,25.59433082,0.251360689,1758,0,1
0.766975309,274.391919,50.31103472,0.980277704,5775,1988,0.344242424,123.1894336,24.34530625,0.197624955,1525,0,1
0.650570962,276.6934342,50.38689961,0.88295227,5168,1994,0.385835913,95.42908641,44.80040292,0.469462767,1297,0,1
0.724137931,267.9655121,50.39953265,0.966476242,3333,1995,0.598559856,116.4816618,29.9073723,0.256756058,1445,0,1
0.608787879,297.9066376,50.57606396,0.922947973,5848,2009,0.343536252,112.5328157,43.31666247,0.384924719,1223,0,1
0.598460172,280.0660172,50.72688754,0.935485135,5644,2021,0.358079376,115.4097854,40.78189942,0.353366045,1209,0,1
0.84956122,274.8772004,50.87726402,0.984909811,7300,2033,0.278493151,126.7667836,21.93932203,0.173068381,1727,0,1
0.859797297,235.4386002,50.91478875,0.964418551,2883,2036,0.70620881,103.4394523,27.3473368,0.264380139,1751,0,1
0.839917695,278.8355698,50.97726857,0.974549301,4656,2041,0.438359107,110.3045384,24.72733026,0.224173281,1714,0,1
0.701334246,279.2203461,51.0895397,0.978202283,7100,2050,0.288732394,129.1186681,26.81204187,0.207654263,1438,0,1
0.882302405,269.4213562,51.13935886,0.983856395,6283,2054,0.326913895,122.9008511,21.9943062,0.178959755,1812,0,1
0.798058252,250.7939392,51.15180607,0.865402692,3600,2055,0.570833333,81.74656268,40.9613241,0.501077021,1640,0,1
0.71408792,321.0782105,51.25127492,0.982782332,4524,2063,0.456012378,132.5786694,24.49617875,0.184767119,1473,0,1
0.650753769,273.8650071,51.36294712,0.953535881,4700,2072,0.440851064,117.019213,35.25548727,0.301279477,1348,0,1
0.653533458,277.4802307,51.58556628,0.751235186,4810,2090,0.434511435,84.84211997,55.99873614,0.660034617,1366,0,1
0.776379119,284.1076477,51.67188138,0.985210164,5104,2097,0.410854232,132.844573,22.76296027,0.171350321,1628,0,1
0.910195228,245.3380951,51.68420034,0.972464967,4059,2098,0.516876078,108.1796292,25.21116636,0.233049111,1910,0,1
0.797343454,288.7523087,51.72113962,0.988258093,3538,2101,0.593838327,138.9003177,21.22310531,0.152793785,1675,0,1
0.787186212,266.3086579,51.72113962,0.978505931,3410,2101,0.616129032,121.6853699,25.09379631,0.20621868,1654,0,1
0.815113157,257.0365799,52.01570948,0.963976711,4224,2125,0.503077652,105.2744855,28.00160818,0.265986654,1732,0,1
0.871311475,248.7350647,52.02794703,0.973045739,6237,2126,0.340869008,110.4333043,25.46726813,0.230612208,1852,0,1
0.714573539,272.0071427,52.0524135,0.80512093,4028,2128,0.528301887,83.82141849,49.71537921,0.593110688,1521,0,1
0.889027952,248.4091629,52.08909166,0.968465132,3298,2131,0.646149181,106.1247686,26.4408935,0.249149127,1895,0,1
0.714238079,278.1076477,52.22335785,0.971162688,4510,2142,0.474944568,123.4169587,29.42479627,0.238417772,1530,0,1
0.842745098,254.2081528,52.30862053,0.970468483,4512,2149,0.476285461,111.5069904,26.8986026,0.241227949,1811,0,1
0.722203561,272.5512986,52.32078957,0.967798487,4360,2150,0.493119266,122.5238306,30.84246021,0.251726216,1553,0,1
0.801043219,288.1909089,52.32078957,0.987528814,7920,2150,0.271464646,138.7100749,21.83828829,0.157438371,1722,0,1
0.761854211,292.5929291,52.35727972,0.983113091,5280,2153,0.407765152,133.0912027,24.35556305,0.182999045,1640,0,1
0.865438526,252.492424,52.45446269,0.961269403,5628,2161,0.383972992,102.8307068,28.34121997,0.275610475,1870,0,1
0.659957304,270.7228714,52.49085992,0.923366436,4984,2164,0.434189406,106.4415116,40.86500544,0.383919815,1428,0,1
0.851473477,289.0365799,52.52723192,0.978553938,3850,2167,0.562857143,118.6013001,24.43077139,0.205990755,1845,0,1
0.79083303,271.2203461,52.61200215,0.976187377,7298,2174,0.297889833,120.6512937,26.17276824,0.216929031,1719,0,1
0.83640553,275.9482682,52.66038101,0.982526955,7544,2178,0.288706257,126.6802694,23.57777556,0.186120346,1822,0,1
0.89266694,249.1959595,52.67246879,0.975353998,3120,2179,0.698397436,114.3337168,25.22725691,0.220645822,1945,0,1
0.8736,280.4091629,52.73286609,0.983610301,3276,2184,0.666666667,127.1485097,22.92582316,0.180307447,1908,0,1
0.877354709,273.3797257,52.79319429,0.980052873,4212,2189,0.519705603,121.6758549,24.1814853,0.198736925,1921,0,1
0.840690979,264.5512986,52.80525166,0.977024826,4944,2190,0.442961165,118.686263,25.29507235,0.213125527,1841,0,1
0.626248217,302.2497834,52.86549726,0.974581458,6069,2195,0.361674081,139.501297,31.25295528,0.224033439,1375,0,1
0.860374415,264.5512986,52.99779652,0.977357312,4095,2206,0.538705739,118.2047859,25.01160867,0.211595567,1898,0,1
0.846801992,271.3208512,53.05782349,0.975237088,6853,2211,0.322632424,116.6735232,25.80374761,0.221161982,1872,0,1
0.706687898,295.4213562,53.15372564,0.979432839,6930,2219,0.32020202,133.4484721,26.9259579,0.201770447,1568,0,1
0.672661871,285.5634919,53.45231088,0.945521801,4680,2244,0.479487179,115.6942482,37.66527917,0.325558788,1509,0,1
0.842144732,263.6518036,53.47612568,0.972379144,3120,2246,0.719871795,116.2433747,27.13201036,0.23340694,1891,0,1
0.722740431,276.6934342,53.4880291,0.964411415,5922,2247,0.379432624,118.1580781,31.24172476,0.264406169,1624,0,1
0.859816654,294.3330445,53.53561632,0.986508709,8742,2251,0.257492565,136.9983489,22.42783397,0.16370879,1935,0,1
0.750583528,318.3330445,53.53561632,0.987562325,9701,2251,0.232037934,150.7106977,23.6959465,0.157228033,1690,0,1
0.81824791,272.9360749,53.53561632,0.978013234,5243,2251,0.429334351,124.1737018,25.89553584,0.208542835,1842,0,1
0.701399689,322.8772004,53.58316129,0.988898659,8250,2255,0.273333333,152.6453719,22.68180886,0.148591527,1582,0,1
0.849191425,271.3624817,53.61879234,0.978658696,7396,2258,0.305300162,123.6054414,25.3999882,0.205492476,1917,0,1
0.731809401,297.4629868,53.79659362,0.982032254,8100,2273,0.280617284,137.5715348,25.9615575,0.188713149,1663,0,1
0.794898672,300.5340546,53.82025608,0.98702887,8362,2275,0.272064099,143.6261387,23.05815126,0.160542861,1808,0,1
0.880464217,263.4213562,53.83208341,0.976594098,5814,2276,0.391468868,118.7505336,25.5421241,0.215090605,2004,0,1
0.608452951,306.492424,53.98560288,0.954315785,7520,2289,0.304388298,130.9027176,39.11371955,0.298799905,1393,0,1
0.839750642,273.7228714,53.99739399,0.979221838,4070,2290,0.562653563,123.5304537,25.05098659,0.20279199,1923,0,1
0.800488315,298.7289681,54.05631097,0.986366609,5760,2295,0.3984375,138.9653942,22.86853357,0.164562794,1837,0,1
0.916205534,234.5929291,54.3265061,0.943869216,5390,2318,0.430055659,96.16080916,31.76378047,0.330319397,2124,0,1
0.792600136,309.3624817,54.52535499,0.988226452,8816,2335,0.264859347,147.2743284,22.53272202,0.152998301,1851,0,1
0.856206771,281.8650071,54.72348133,0.980077086,5106,2352,0.460634548,126.9539171,25.21526778,0.198617485,2014,0,1
0.634527336,317.8061325,54.76999514,0.957344575,5546,2356,0.424810674,128.2756204,37.06507661,0.288948722,1495,0,1
0.723105134,329.6639969,54.88610719,0.988597346,8001,2366,0.295713036,154.6111191,23.28183097,0.150583161,1711,0,1
0.622339028,319.8061325,54.90930014,0.971139328,5080,2368,0.466141732,143.6514815,34.2627322,0.238512905,1474,0,1
0.725106903,271.1787156,54.97882028,0.678314371,4234,2374,0.560699103,79.50509532,58.41810285,0.734771811,1721,0,1
0.832106555,288.8944443,54.97882028,0.982473298,3776,2374,0.628707627,133.2762105,24.84313554,0.186403376,1975,0,1
0.617082035,324.5340546,55.0135474,0.778994964,5460,2377,0.435347985,98.94507966,62.04155102,0.627030179,1467,0,1
0.77002584,322.3797257,55.09449224,0.98806845,3752,2384,0.635394456,152.5130138,23.48935054,0.154015385,1836,0,1
0.627229801,333.5634919,55.17531832,0.973720028,9156,2391,0.261140236,147.7277025,33.64473907,0.22774834,1500,0,1
0.826969384,292.1909089,55.32511062,0.981470959,8415,2404,0.285680333,134.5300251,25.77742608,0.191610951,1988,0,1
0.87586458,283.5929291,55.34811961,0.96598829,4472,2406,0.538014311,111.1968516,28.75392853,0.258585815,2107,0,1
0.835355286,276.2497834,55.39410892,0.978142586,6800,2410,0.354411765,126.2572233,26.25333106,0.20793528,2013,0,1
0.852827538,284.9777054,55.60059006,0.978878944,6996,2428,0.34705546,126.9899997,25.96192845,0.204440732,2071,0,1
0.677375069,327.3624817,56.04535625,0.984783726,9570,2467,0.257784744,152.3586241,26.47755045,0.173784389,1671,0,1
0.884037223,260.7939392,56.07942292,0.960435381,5000,2470,0.494,109.7342734,30.56131602,0.278502924,2184,0,1
0.733899297,288.9777054,56.49788968,0.964022444,5559,2507,0.450980392,124.112297,32.99163701,0.265820856,1840,0,1
0.614952358,323.6223664,56.61045782,0.932552159,5936,2517,0.424022911,126.1358489,45.53949097,0.361035276,1548,0,1
0.87253204,307.9066376,56.63294459,0.846101566,3901,2519,0.645731864,83.94482477,44.74441382,0.533021707,2198,0,1
0.807815503,312.5512986,56.66665803,0.985193613,4914,2522,0.513227513,145.6874617,24.9774537,0.171445459,2037,0,1
0.773995707,287.3797257,56.68912251,0.973924015,5085,2524,0.496361849,129.2915513,29.3329488,0.226874444,1954,0,1
0.667195348,331.3208512,56.68912251,0.909463254,5562,2524,0.453793599,111.530063,46.37244999,0.415784307,1684,0,1
0.666841141,360.374675,56.95800523,0.990496021,12700,2548,0.200629921,176.4418704,24.26805874,0.137541382,1699,0,1
0.691331353,353.6639969,57.09197172,0.986485499,5577,2560,0.459028151,164.2493311,26.91202086,0.163848587,1770,0,1
0.729883423,341.4213562,57.16997386,0.988412192,4140,2567,0.620048309,156.8362278,23.80675716,0.151793737,1874,0,1
0.683244681,318.492424,57.19224065,0.966353471,7811,2569,0.328895148,135.5987924,34.8784159,0.257217747,1755,0,1
0.846787479,316.7350647,57.20337079,0.987177586,7875,2570,0.326349206,149.7245942,23.89991645,0.159625856,2176,0,1
0.831932773,307.3380951,57.24786973,0.986691604,4550,2574,0.565714286,147.0817499,23.91590822,0.162602826,2141,0,1
0.737803138,330.2497834,57.38115947,0.985936728,5265,2586,0.491168091,153.319605,25.62262277,0.167119024,1908,0,1
0.848386045,289.119841,57.558399,0.979334777,8118,2602,0.320522296,132.4053058,26.77842686,0.202245874,2208,0,1
0.796822487,307.1787156,57.62472328,0.984276669,6888,2608,0.378629501,144.1940207,25.46951275,0.176633626,2078,0,1
0.799570947,325.0365799,57.6357699,0.986431995,4352,2609,0.599494485,152.1487599,24.97832194,0.164170395,2086,0,1
0.851188538,275.4213562,57.6909713,0.63030421,4422,2614,0.591135233,72.51540127,56.29720477,0.776348249,2225,0,1
0.770294118,304.5340546,57.74611994,0.982184641,8690,2619,0.301380898,142.5153976,26.78126806,0.187918418,2017,0,1
0.652000994,337.8477631,57.79020095,0.928317586,5724,2623,0.458245982,122.0817074,45.38853715,0.371788191,1710,0,1
0.553155798,355.5046174,57.95520614,0.959121008,8384,2638,0.314646947,152.7004541,43.21365998,0.282996277,1459,0,1
0.843450479,327.3208512,57.97717135,0.985300418,6300,2640,0.419047619,145.6272379,24.87758511,0.170830577,2227,0,1
0.746569588,311.6051224,58.26196552,0.980658429,9450,2666,0.282116402,146.8723548,28.7468802,0.195726965,1990,0,1
0.682446264,377.1320344,58.27289135,0.975178837,7995,2667,0.33358349,146.0750713,32.34375093,0.22141869,1820,0,1
0.793164933,296.492424,58.29473685,0.749475405,4875,2669,0.547487179,81.90153812,54.22145445,0.662032188,2117,0,1
0.772162865,301.3208512,58.34931484,0.977615889,6844,2674,0.390707189,136.7079565,28.7630335,0.210397655,2065,0,1
0.754371122,309.9482682,58.36022432,0.981091984,9040,2675,0.29590708,144.591471,27.98452727,0.193542033,2018,0,1
0.62931642,318.8183259,58.40384183,0.926647532,8034,2679,0.333457804,125.167829,47.05450622,0.375931312,1686,0,1
0.644071856,317.764502,58.51274336,0.944138543,7500,2689,0.358533333,130.206245,42.90931177,0.3295488,1732,0,1
0.758591549,315.1614716,58.55624727,0.981554624,9213,2693,0.292304353,145.2629839,27.77165357,0.191181902,2043,0,1
0.732011947,352.6345597,58.588854,0.985165321,5838,2696,0.461801987,155.9915052,26.7693832,0.171607955,1974,0,1
0.605523125,326.8772004,58.59971887,0.84225622,6900,2697,0.390869565,112.3241062,60.55138883,0.539077415,1633,0,1
0.605958781,338.374675,58.68656549,0.925069908,7280,2705,0.371565934,129.831728,49.30968429,0.379796873,1639,0,1
0.850235479,288.9360749,58.71909985,0.974597729,5814,2708,0.465772274,128.796712,28.84565234,0.223962646,2302,0,1
0.732485799,331.4751801,58.71909985,0.983538416,10914,2708,0.248121679,155.2650267,28.05625866,0.180699152,1984,0,1
0.85056391,320.9188309,58.79494335,0.984531704,9790,2715,0.2773238,145.6154928,25.51278358,0.175206519,2309,0,1
0.749724366,303.0782105,58.84905744,0.978636729,7198,2720,0.377882745,139.1157273,28.60178525,0.205597065,2039,0,1
0.877328195,312.3330445,58.97872868,0.984236941,9288,2732,0.29414298,143.8489722,25.44039049,0.176854865,2397,0,1
0.704446158,319.3624817,59.07579532,0.977597032,9408,2741,0.291347789,147.9237112,31.13576051,0.210485258,1931,0,1
0.688705234,317.6051224,59.17270273,0.954239871,5980,2750,0.459866221,131.8065068,39.41571452,0.299042251,1894,0,1
0.831125828,357.2619767,59.29093002,0.986739109,7656,2761,0.360632184,152.7940761,24.80066264,0.162314294,2295,0,1
0.797410072,333.747258,59.39820518,0.985664315,9240,2771,0.299891775,151.7451652,25.60218308,0.168718279,2210,0,1
0.846764347,328.4507935,59.43034997,0.986965035,4216,2774,0.657969639,151.8780477,24.44246759,0.160934829,2349,0,1
0.789024737,320.764502,59.44106103,0.98354173,5720,2775,0.48513986,147.6986316,26.68635318,0.180681113,2190,0,1
0.539694804,377.3624817,59.64420582,0.919528722,9309,2794,0.30013965,139.8140941,54.95012813,0.39302281,1508,0,1
0.870716511,325.8355698,59.65487849,0.987215393,7729,2795,0.361625049,153.6111475,24.48436759,0.159391867,2434,0,1
0.725856698,339.019336,59.66554925,0.98408256,9638,2796,0.290101681,157.2278706,27.9412613,0.177711885,2029,0,1
0.536618098,371.2619767,59.69755008,0.954825555,10406,2799,0.268979435,157.7090078,46.86589516,0.297166889,1502,0,1
0.761594793,330.1320344,59.79344982,0.981390109,10476,2808,0.268041237,150.4628599,28.8925733,0.192024619,2139,0,1
0.727249357,383.2031022,60.01661997,0.991311032,13020,2829,0.217281106,180.5242441,23.74593055,0.131538734,2057,0,1
0.814495255,325.6639969,60.04843371,0.983386702,7224,2832,0.392026578,147.6978282,26.81055077,0.181522986,2307,0,1
0.674899074,351.3208512,60.154358,0.982565093,7100,2842,0.40028169,164.0388931,30.49793122,0.185918904,1918,0,1
0.830751242,342.2325394,60.154358,0.988646663,11000,2842,0.258363636,160.3140561,24.0886346,0.15025903,2361,0,1
0.752913136,378.1076477,60.16494017,0.990273651,5372,2843,0.529225614,175.8802986,24.47081983,0.139133377,2141,0,1
0.752776309,330.8183259,60.20725026,0.984050778,10791,2847,0.26383097,155.4813075,27.65822677,0.177887794,2143,0,1
0.765541265,355.6883835,60.31289563,0.990041547,12705,2857,0.224872098,172.3580501,24.26378641,0.140775475,2187,0,1
0.779291553,390.7178208,60.34455318,0.9155633,6956,2860,0.411155837,109.9955199,44.23732683,0.402173896,2229,0,1
0.816728518,345.6639969,60.355102,0.988047671,6160,2861,0.464448052,159.7965725,24.63242288,0.154148631,2337,0,1
0.796116505,332.8183259,60.44995859,0.983256906,10340,2870,0.277562863,152.9543141,27.87206016,0.18222474,2285,0,1
0.818645509,344.9777054,60.64972419,0.987802495,8640,2889,0.334375,160.273592,24.95652404,0.155712016,2365,0,1
0.704009721,333.1787156,60.73363945,0.976287968,5762,2897,0.502776814,150.2810691,32.53222544,0.216475872,2040,0,1
0.812080537,338.7766953,60.80697031,0.985724434,9906,2904,0.293155663,155.8543692,26.24068308,0.168366682,2358,0,1
0.474025974,413.5046174,60.97425252,0.952644108,13231,2920,0.220693825,182.4248123,55.47310382,0.304087493,1384,0,1
0.658077526,365.8477631,61.15148848,0.981520365,9870,2937,0.297568389,170.3011955,32.58844718,0.191357712,1933,0,1
0.847838617,341.137085,61.20351902,0.989028758,5434,2942,0.541405962,164.812893,24.3466722,0.147723104,2494,0,1
0.458223121,401.019336,61.23471613,0.886541492,10640,2945,0.276785714,152.8089434,70.6969191,0.462649093,1349,0,1
0.817980022,342.391919,61.26589735,0.988045187,8201,2948,0.359468358,162.6919051,25.08132424,0.154164549,2411,0,1
0.873868613,310.9360749,61.7317257,0.978345337,6171,2993,0.485010533,139.909438,28.95834791,0.206979231,2615,0,1
0.815187806,374.5584412,61.75234762,0.991652085,14490,2995,0.206694272,180.1815808,23.23304484,0.128942397,2441,0,1
0.790973872,332.1492783,61.77296266,0.983628538,7906,2997,0.37907918,155.2318988,27.97401974,0.180207934,2371,0,1
0.658327847,383.119841,61.80387232,0.787368161,7055,3000,0.425230333,103.6406115,63.89268266,0.616483073,1975,0,1
0.83676307,299.9655121,61.89650871,0.850447872,4732,3009,0.635883347,91.30770778,48.03327146,0.526059329,2518,0,1
0.766743061,327.9482682,61.91707575,0.981256474,9720,3011,0.309773663,153.2937501,29.54067711,0.192706337,2309,0,1
0.512576479,413.2447327,61.96846349,0.820363384,10918,3016,0.27624107,131.5121356,75.20423683,0.571842564,1546,0,1
0.71385048,337.747258,62.27589946,0.972263662,8946,3046,0.340487369,149.1941375,34.89464666,0.233887519,2174,0,1
0.751970443,326.4335495,62.34741639,0.969670351,9213,3053,0.331379572,139.5646972,34.11191077,0.244416471,2296,0,1
0.75843254,334.5756852,62.39844972,0.97826993,10472,3058,0.292016807,153.2386353,31.77178522,0.207335344,2319,0,1
0.614491593,358.8183259,62.52075977,0.963364422,10890,3070,0.281910009,157.5907797,42.26518631,0.268195807,1886,0,1
0.463319302,404.1320344,62.64283101,0.929692796,9940,3082,0.310060362,167.6278435,61.74334593,0.36833586,1428,0,1
0.653186534,349.019336,62.67331167,0.967664465,10602,3085,0.290982833,154.3036172,38.92168709,0.252240925,2015,0,1
0.715668203,355.9066376,62.88626262,0.981858529,7100,3106,0.437464789,163.6171195,31.02425161,0.189614948,2223,0,1
0.872864744,325.4041123,62.99752107,0.978232348,9828,3117,0.317155067,142.970808,29.66824181,0.207512584,2721,0,1
0.873604911,326.8772004,63.13883919,0.97926595,8308,3131,0.376865672,144.1715654,29.20611273,0.20257887,2735,0,1
0.590422535,416.1320344,63.26978053,0.980058024,12464,3144,0.25224647,185.1565409,36.79273812,0.198711522,1856,0,1
0.77755857,404.9432175,63.36027371,0.993238568,16958,3153,0.185929945,199.9999645,23.2182191,0.116091116,2452,0,1
0.715934812,394.5168107,63.46067034,0.989884339,13871,3163,0.228029702,185.1928885,26.27455465,0.141876693,2265,0,1
0.668621701,387.7056275,63.75092648,0.98698022,7680,3192,0.415625,183.5253893,29.51853106,0.160841675,2134,0,1
0.60128012,409.3452378,63.77089545,0.974008857,13755,3194,0.23220647,179.5300327,40.66533408,0.226509924,1920,0,1
0.867335865,338.27417,63.80083718,0.985547053,11880,3197,0.269107744,159.4738981,27.01518233,0.169401906,2773,0,1
0.592136689,367.4629868,64.05974596,0.83934784,8232,3223,0.391520894,123.0515795,66.89018705,0.543594705,1908,0,1
0.793111931,369.5046174,64.0696831,0.989187169,11025,3224,0.292426304,176.8253535,25.93295816,0.146658596,2557,0,1
0.836382376,323.2792206,64.28791148,0.977283641,5850,3246,0.554871795,145.6189277,30.86183036,0.211935569,2715,0,1
0.782943869,334.7350647,64.32750983,0.978175699,6256,3250,0.519501279,153.1357115,31.818455,0.207779457,2545,0,1
0.679186553,443.2619767,64.55472895,0.992805264,7955,3273,0.411439346,211.8562126,25.36769872,0.119740169,2223,0,1
0.595853037,377.3036072,64.58430729,0.912246966,10656,3276,0.307432432,141.5652225,57.99087156,0.409640663,1952,0,1
0.749943117,381.3208512,64.78115111,0.987713553,6042,3296,0.54551473,180.4718912,28.20328058,0.156275198,2472,0,1
0.736337274,351.6051224,64.83026868,0.976544434,10492,3301,0.314620663,155.5935179,33.50177002,0.215315975,2431,0,1
0.741704036,373.5462479,64.89897082,0.793619105,6440,3308,0.513664596,99.55274929,60.56937814,0.608414921,2454,0,1
0.673436231,437.8477631,64.97739861,0.988562289,7175,3316,0.462160279,197.6061373,29.80160009,0.15081313,2233,0,1
0.615896488,374.4335495,65.13397088,0.970795233,12300,3332,0.270894309,171.0210646,41.02959513,0.2399096,2052,0,1
0.653049257,382.0487732,65.22187761,0.966793907,6720,3341,0.497172619,161.2863662,41.21791065,0.255557315,2182,0,1
0.841735641,367.2203461,65.36812612,0.982542967,6439,3356,0.521198944,157.0066301,29.20885391,0.186035799,2825,0,1
0.508328286,461.7888886,65.37786439,0.979977374,13041,3357,0.25741891,219.3069401,43.66595895,0.199108879,1706,0,1
0.788218794,380.1320344,65.52376473,0.988601507,13254,3372,0.254413762,179.714087,27.05700518,0.150555839,2658,0,1
0.860471005,349.3208512,65.77589204,0.981251104,6486,3398,0.523897626,154.562188,29.78933923,0.19273368,2924,0,1
0.842234802,384.7350647,66.00777016,0.99058679,8160,3422,0.419362745,185.1370702,25.34269692,0.136886129,2882,0,1
0.645918748,449.1858582,66.43077797,0.991001384,19912,3466,0.17406589,218.5124929,29.24825187,0.133851623,2239,0,1
0.811025461,402.3158005,66.48825234,0.990772966,15255,3472,0.227597509,188.4245452,25.53755993,0.135532024,2816,0,1
0.695278111,400.2325394,66.5169709,0.984483181,11544,3475,0.301022176,187.8260102,32.95951366,0.175478964,2416,0,1
0.558669002,438.2914139,66.84158558,0.891531985,9301,3509,0.377271261,149.1908571,67.57715448,0.452957747,1960,0,1
0.858924205,352.7939392,66.87967195,0.983833401,5005,3513,0.701898102,164.6557906,29.48756717,0.179086123,3017,0,1
0.603640735,387.5046174,66.89870701,0.860855834,7770,3515,0.452380952,130.7697648,66.54205491,0.50884893,2122,0,1
0.607772021,392.7178208,66.93676089,0.935039476,9045,3519,0.389054726,153.5017639,54.42307096,0.354543619,2139,0,1
0.457618438,463.7300141,67.45782485,0.961476957,11859,3574,0.301374484,206.5638597,56.78141826,0.274885541,1636,0,1
0.531328692,409.3036072,67.58039839,0.949759849,8664,3587,0.414012004,176.1695424,55.13747275,0.312979599,1906,0,1
0.463691474,454.5168107,67.65571789,0.879094954,12880,3595,0.279114907,163.9101167,78.12721357,0.476646684,1667,0,1
0.783153348,397.747258,67.94679234,0.676095722,6132,3626,0.591324201,93.72379865,69.0569882,0.7368138,2840,0,1
0.576752299,467.1442277,68.04977755,0.984868651,18315,3637,0.198580399,216.2804278,37.48192847,0.173302452,2098,0,1
0.784902423,389.629509,68.26460821,0.989379236,15640,3660,0.234015345,187.7966649,27.29760482,0.14535724,2873,0,1
0.676033058,440.9188309,68.46016918,0.988726583,11591,3681,0.31757398,207.2338477,31.02958783,0.149732238,2488,0,1
0.72184267,481.0264787,68.61807223,0.994724939,23652,3698,0.156350414,240.0365229,24.62252371,0.102578239,2669,0,1
0.512735327,460.8183259,68.67371603,0.917360145,13208,3704,0.280436099,169.2249657,67.36139235,0.398058242,1899,0,1
0.707986374,400.391919,69.01586149,0.984955861,8851,3741,0.422664106,190.1755351,32.86349405,0.172806108,2649,0,1
0.838485663,408.901587,69.03430753,0.990645238,16616,3743,0.225264805,194.0317055,26.47804996,0.136462491,3138,0,1
0.789462636,441.4629868,69.20010063,0.992575508,7254,3761,0.518472567,211.2902197,25.69923231,0.121630014,2969,0,1
0.803179251,457.4284989,69.92309956,0.993803222,19995,3840,0.192048012,218.6784619,24.30693142,0.111153752,3084,0,1
0.715906977,418.492424,69.99589822,0.985902078,7134,3848,0.539388842,196.6661519,32.90683248,0.167323315,2755,0,1
0.717734448,468.4335495,70.15034455,0.992607695,7486,3865,0.516297088,225.6934172,27.39174737,0.121367064,2774,0,1
0.801076382,413.3624817,70.19570527,0.985526748,6594,3870,0.586897179,179.1627673,30.37167152,0.169519996,3100,0,1
0.620530013,464.4163056,70.34971294,0.983463934,15698,3887,0.247611161,208.2386444,37.71286914,0.181104085,2412,0,1
0.518552876,451.119841,70.58460412,0.954807912,14910,3913,0.262441315,195.6082721,58.13938897,0.29722357,2029,0,1
0.773256962,503.6894296,70.6026403,0.996081175,26208,3915,0.149381868,251.5137565,22.24481265,0.088443722,3027,0,1
0.668198842,470.7178208,70.6927522,0.979465001,13795,3925,0.284523378,194.6861359,39.25150224,0.201614265,2623,0,1
0.617004801,466.0315293,71.2220917,0.985504724,13912,3984,0.286371478,220.0322593,37.32802999,0.169647988,2458,0,1
0.557103064,550.3158005,71.36496465,0.994000761,18758,4000,0.21324235,278.1530177,30.42247299,0.109373155,2228,0,1
0.544103868,463.6883835,71.94246833,0.932927879,10721,4065,0.379162392,177.4139485,63.88025011,0.360063291,2212,0,1
0.670619236,433.747258,72.00438477,0.767487053,9048,4072,0.450044209,119.3843407,76.5330562,0.641064446,2731,0,1
0.712452307,449.0609665,72.32197487,0.989472923,12627,4108,0.3253346,216.3158996,31.30483034,0.14471812,2927,0,1
0.504646952,562.9259736,72.96173337,0.766309921,12296,4181,0.340029278,148.3829801,95.3317753,0.642471092,2110,0,1
0.787194325,412.7178208,73.27517424,0.985650281,14345,4217,0.293970024,189.1079441,31.92146811,0.168800249,3320,0,1
0.514911747,479.6883835,73.38803223,0.959404816,18495,4230,0.228710462,209.1766206,58.99463073,0.282032622,2178,0,1
0.86624464,441.2863633,73.492055,0.989303645,17168,4242,0.247087605,198.2401942,28.91746029,0.145870823,3675,0,1
0.744360902,553.0853532,73.62187679,0.996631196,24640,4257,0.172767857,275.5871559,22.6019437,0.082013778,3169,0,1
0.607256173,566.038672,74.86521539,0.993962979,28710,4402,0.153326367,274.753562,30.14485635,0.10971598,2673,0,1
0.743313709,498.6417023,75.00963637,0.993319178,23424,4419,0.188652664,242.9011436,28.03063446,0.115399352,3285,0,1
0.737078278,475.4629868,75.14530844,0.754856854,6955,4435,0.63767074,115.789848,75.94535378,0.655889572,3269,0,1
0.598477767,504.6589463,75.54243602,0.804784527,11397,4482,0.393261385,141.2581742,83.84620034,0.593567068,2682,0,1
0.738953204,471.2447327,75.96263303,0.989641184,17776,4532,0.254950495,219.5748583,31.52281856,0.143562969,3349,0,1
0.608413811,514.7594514,76.5220796,0.876423636,11319,4599,0.406307978,155.9660213,75.10401361,0.48154087,2798,0,1
0.691222338,475.3868684,76.97828812,0.982694145,18592,4654,0.250322719,211.4096225,39.16058265,0.185235573,3217,0,1
0.53118667,555.0437226,77.50576864,0.981181554,14628,4718,0.32253213,244.7070876,47.24986395,0.193087435,2506,0,1
0.457354759,530.9848481,78.25779329,0.931356061,16617,4810,0.289462599,220.1967494,80.17577669,0.36410972,2200,0,1
0.487288565,518.901587,78.26592777,0.963251975,15366,4811,0.313093844,232.4770458,62.44319292,0.268599391,2344,0,1
0.61296485,519.7716447,78.2821942,0.987350061,23364,4813,0.206000685,241.1351827,38.23331808,0.158555536,2950,0,1
0.604953409,526.8305192,79.26010291,0.584201098,11750,4934,0.419914894,126.9575847,103.0399112,0.811608944,2985,0,1
0.704093075,536.4335495,79.97175897,0.992355053,10626,5023,0.472708451,265.2872564,32.74062711,0.123415755,3537,0,1
0.475850404,553.9726548,80.29747851,0.952188672,21659,5064,0.233805808,236.7277027,72.32282466,0.305510609,2410,0,1
0.527324926,553.646753,80.92138765,0.96657029,14898,5143,0.345214123,235.6242215,60.41447019,0.256401782,2712,0,1
0.637229339,553.3452378,84.59834207,0.986188423,14365,5621,0.391298294,256.986493,42.56397324,0.165627278,3582,0,1
0.607792764,567.629509,85.02619676,0.98443906,18490,5678,0.307084911,254.5371831,44.72888069,0.175726313,3451,0,1
0.550769231,628.9259736,89.3131891,0.985135756,28674,6265,0.218490619,300.3020776,51.58516909,0.171777596,3451,0,1
0.575555154,721.7544007,90.10091752,0.775200858,18618,6376,0.342464282,158.2250015,99.95308035,0.631714833,3670,0,1
0.656998739,135.9827561,25.7557334,0.831083726,1248,521,0.417467949,43.28695176,24.07392216,0.556147319,342,1,2
0.642049736,180.2670273,32.93630356,0.915658279,1856,852,0.459051724,66.5619976,26.75510119,0.401957606,547,1,2
0.556517036,226.001046,36.19618062,0.78704587,2968,1029,0.346698113,66.3658375,40.94071874,0.616894479,573,1,2
0.691521961,230.8944443,41.52067369,0.855971944,3038,1354,0.445687953,71.92602842,37.18735876,0.517022274,936,1,2
0.671621622,294.6345597,43.57063416,0.988458618,6720,1491,0.221875,126.2150544,19.12046057,0.151491125,1001,1,2
0.48421646,323.1787156,46.76992129,0.886934808,5621,1718,0.305639566,111.39784,51.4540637,0.461894626,832,1,2
0.681208054,254.7350647,48.23078527,0.870084929,4125,1827,0.442909091,83.48402193,41.14942743,0.492901833,1245,1,2
0.458922866,394.7350647,50.60123244,0.965963315,7375,2011,0.272677966,153.4628215,39.69762372,0.258679095,923,1,2
0.67677756,354.0843071,51.40011727,0.725673627,5175,2075,0.400966184,78.31763833,53.88559645,0.688039088,1404,1,2
0.66449005,292.6345597,52.1623706,0.928557128,3956,2137,0.540192113,103.7841921,38.52360451,0.37118952,1420,1,2
0.603991344,334.6761902,56.55420176,0.818903041,5551,2512,0.452531075,102.9940844,59.11158906,0.573931886,1517,1,2
0.68452381,349.4213562,56.75646261,0.913278989,5712,2530,0.442927171,109.8327617,44.73868564,0.407334614,1732,1,2
0.660107335,313.0782105,57.34786608,0.958365345,6670,2583,0.387256372,132.4873249,37.83107445,0.285544859,1705,1,2
0.654111162,327.764502,60.21782314,0.834694446,6900,2848,0.412753623,104.0042923,57.27655104,0.550713339,1863,1,2
0.720527215,437.4163056,61.30744764,0.977577614,11220,2952,0.263101604,152.4634108,32.10504751,0.210575425,2127,1,2
0.757682383,389.9898987,64.12927358,0.874886112,6076,3230,0.531599737,102.0824633,49.44146689,0.484328702,2447,1,2
0.677540778,453.883297,64.22846818,0.985488793,10248,3240,0.316159251,186.8234254,31.71150202,0.169740502,2195,1,2
0.732702276,378.1909089,64.3374056,0.842507074,6324,3251,0.514073371,104.8068795,56.45792315,0.538685279,2382,1,2
0.668543689,419.5462479,66.20999738,0.59103702,8300,3443,0.414819277,90.69061779,73.15508196,0.806644433,2302,1,2
0.602079723,428.7117241,66.50739943,0.766855695,8400,3474,0.413571429,114.9927899,73.80462138,0.641819556,2092,1,2
0.633889695,430.2325394,66.69856797,0.672553879,8034,3494,0.434901668,104.6456925,77.44285221,0.74004816,2215,1,2
0.498114788,533.1442277,67.39173136,0.983864955,15747,3567,0.226519337,224.3646168,40.1416767,0.178912688,1777,1,2
0.64823487,469.1025971,67.69334621,0.96355923,12208,3599,0.294806684,160.9931006,43.06486015,0.267495067,2333,1,2
0.622898453,488.4751801,68.68298562,0.862370206,9108,3705,0.406785244,127.1419855,64.36921717,0.506278212,2308,1,2
0.652239557,448.4579362,70.35876171,0.947571228,11528,3888,0.337265788,160.2655005,51.21197956,0.319544627,2536,1,2
0.545365989,584.5828278,70.63869885,0.962099064,16564,3919,0.23659744,198.0684633,54.01330652,0.272700185,2137,1,2
0.659792114,545.411255,71.35604347,0.986788426,19720,3999,0.202789047,217.5404407,35.24464101,0.162014203,2639,1,2
0.593798891,494.4751801,72.90936222,0.913133616,12648,4175,0.330091714,159.1812585,64.89189518,0.407660398,2479,1,2
0.69362826,464.7888886,73.14473711,0.922680714,9174,4202,0.458033573,143.0552452,55.15708266,0.385564909,2915,1,2
0.686114733,618.783838,73.2143325,0.891567592,9360,4210,0.449786325,131.9696494,59.7674252,0.452887656,2889,1,3
0.739497245,566.8427125,73.94973864,0.925015356,9112,4295,0.471356453,135.9426648,51.64865849,0.379929719,3176,1,2
0.656576358,494.5411973,74.31899586,0.958607987,15250,4338,0.284459016,172.2779301,49.05256008,0.284729217,2848,1,2
0.775731497,587.9137803,75.75282588,0.940840738,8820,4507,0.510997732,147.9863668,50.14504586,0.338849091,3496,1,2
0.512617404,600.0914498,75.94586979,0.79275872,13113,4530,0.345458705,150.0171116,91.44076576,0.609535571,2322,1,2
0.594035835,514.3401872,77.69445721,0.945339027,16896,4741,0.280598958,182.4163349,59.48398467,0.326089134,2816,1,2
0.527172717,513.1442277,78.11122774,0.836703105,15222,4792,0.314807515,156.8851962,85.91923657,0.547656749,2526,1,2
0.520372779,558.7422074,78.19268696,0.915640642,14863,4802,0.323084169,183.289716,73.68205878,0.401997779,2499,1,2
0.660846852,536.6000718,78.23338476,0.952379487,15840,4807,0.303472222,170.5287159,51.99680682,0.304915255,3177,1,2
0.494611854,748.5838739,79.44462489,0.928391198,18745,4957,0.264443852,184.9986032,68.74628322,0.371604337,2452,1,2
0.630936394,654.1269837,81.11782768,0.945908399,13020,5168,0.396927803,183.2952997,59.46719321,0.324433814,3261,1,2
0.533960927,679.7127702,81.95327082,0.74222375,12740,5275,0.414050235,142.6751628,95.61406721,0.670152151,2817,1,2
0.445997991,729.4528855,82.3562205,0.842948322,22400,5327,0.2378125,196.9005532,105.9314226,0.537994541,2376,1,2
0.578958421,594.9259736,83.78927646,0.950383215,20424,5514,0.269976498,200.4716984,62.36305086,0.311081571,3192,1,2
0.525391552,605.1858582,83.94868004,0.823871865,19773,5535,0.279927173,168.9307464,95.7459099,0.566776102,2908,1,2
0.739645758,636.2396821,84.09264196,0.927634305,13005,5554,0.427066513,161.0808853,60.16206027,0.373489754,4108,1,2
0.431826872,664.7249635,84.79377164,0.938085249,21300,5647,0.265117371,240.6541966,83.36369267,0.346404484,2439,1,2
0.639044003,582.2152955,85.35500381,0.907189088,16665,5722,0.343354335,170.9600036,71.92682908,0.420723137,3657,1,2
0.62312566,647.6538957,86.67979322,0.89286668,18920,5901,0.311892178,177.6490559,79.99911782,0.450321098,3677,1,2
0.445430282,715.5950212,88.66935315,0.923414213,25380,6175,0.243301812,233.9832273,89.80390632,0.383804888,2751,1,2
0.63325579,681.2346315,89.28467276,0.985791806,32064,6261,0.195265719,278.0182953,46.69922543,0.167971771,3965,1,2
0.358374244,794.5899705,89.40580441,0.826712659,29682,6278,0.211508658,224.87559,126.5204867,0.562624368,2250,1,2
0.492105263,740.1980515,89.97364628,0.941403133,28461,6358,0.223393416,233.2194405,78.66106306,0.337283474,3129,1,2
0.52265861,692.5411973,91.48921667,0.879181989,21450,6574,0.306480186,201.1124696,95.82730191,0.476486128,3436,1,2
0.367448276,791.7787873,92.08569578,0.866638301,34222,6660,0.194611653,247.9236361,123.6982566,0.498936925,2447,1,2
0.428902329,782.8498551,92.12716649,0.895233495,28124,6666,0.237021761,215.2620651,95.92020363,0.44559734,2859,1,3
0.623511905,838.021428,92.38938201,0.931471655,19900,6704,0.336884422,198.1423159,72.08692914,0.363813902,4180,1,3
0.526174204,710.038672,95.99184645,0.663657218,25725,7237,0.281321672,176.3831241,131.9410728,0.748036829,3808,1,2
0.489861396,817.4945161,98.58960739,0.887884834,27675,7634,0.275844625,224.9657479,103.4990422,0.460065779,3740,1,2
0.401369863,1272.614357,109.2606698,0.813337452,38976,9376,0.240558292,232.7185772,135.3938582,0.581792222,3763,1,3
0.454046576,1322.46212,111.9656937,0.902772612,46384,9846,0.212271473,259.2356349,111.5019478,0.430118135,4471,1,6
0.534389857,988.1635636,113.4904896,0.933428942,35624,10116,0.283965866,268.2966106,96.25471765,0.358762332,5406,1,3
0.498265191,1018.856998,116.3216087,0.864868424,37449,10627,0.283772597,242.791825,121.8811598,0.501998614,5295,1,4
0.618181818,300.2914139,46.52426492,0.965904927,5292,1700,0.321239607,105.9134877,27.42068745,0.258897031,1051,2,2
0.535279116,340.5929291,49.04232356,0.639057273,5133,1889,0.36801091,82.63736068,63.56128231,0.769159153,1011,2,2
0.493543388,335.019336,49.32707948,0.620747786,6035,1911,0.316652858,86.38158744,67.72405625,0.784010323,943,2,2
0.694176492,332.7178208,49.7383598,0.947342629,6750,1943,0.287851852,109.7501144,35.14436928,0.32022171,1349,2,2
0.702037948,322.1492783,50.4374128,0.793886013,4366,1998,0.457627119,75.99561752,46.21039724,0.608066606,1403,2,2
0.718844985,268.8944443,54.87450704,0.737220192,4774,2365,0.495391705,77.24781442,52.19268393,0.675652565,1700,2,2
0.601031621,354.8772004,58.41474112,0.743282958,7298,2680,0.367223897,92.86327185,62.12340809,0.668977162,1611,2,2
0.49579288,476.2914139,69.8319945,0.611490866,12932,3830,0.296164553,109.8796472,86.94243455,0.79125149,1899,2,2
0.395605519,659.9381669,70.2047739,0.855420567,16199,3871,0.238965368,167.9032385,86.9628,0.517934024,1531,2,3
0.513033175,458.9604615,70.44014839,0.902910931,13482,3897,0.289052069,153.4277634,65.94750249,0.429827699,1999,2,2
0.572327044,425.5756852,70.58460412,0.484688062,10176,3913,0.384532233,103.0352714,90.12362039,0.874687077,2240,2,2
0.558873386,510.7422074,73.87221865,0.759621369,11817,4286,0.362697808,121.8301553,79.23413845,0.65036557,2395,2,2
0.621155504,489.2447327,74.18181254,0.885838413,11375,4322,0.379956044,138.8281482,64.41540881,0.463993863,2685,2,2
0.565584416,465.8893937,74.46447621,0.866899401,12376,4355,0.351890756,152.4597276,75.99860177,0.498483127,2463,2,2
0.503511802,528.2152955,74.61820508,0.82275866,17160,4373,0.25483683,147.4119148,83.78758729,0.568390875,2202,2,2
0.667416742,514.7005769,75.26382089,0.922245077,10952,4449,0.406227173,152.3201315,58.88784116,0.386605766,2969,2,2
0.370008273,659.9797975,79.14757457,0.906518306,23870,4920,0.206116464,215.741487,91.07883025,0.422166508,1820,2,2
0.54035162,631.7310601,80.59818954,0.557716489,12051,5102,0.423367355,123.6785535,102.6570972,0.830031516,2757,2,2
0.603607825,549.8721497,81.00002083,0.938773396,13527,5153,0.38094182,180.9038165,62.32773438,0.34453521,3110,2,2
0.554372378,548.0975465,81.00787995,0.51004918,15732,5154,0.32761251,129.000752,110.9593828,0.86014524,2857,2,2
0.548812935,550.6417023,82.63403463,0.836461122,16170,5363,0.331663575,153.8504966,84.3141137,0.54802627,2943,2,2
0.523713606,587.2863633,85.34008552,0.679258745,19040,5720,0.300420168,141.4674336,103.8227903,0.733898875,2996,2,2
0.614049587,713.3818177,86.9950335,0.535960402,15142,5944,0.392550522,122.6095543,103.5122728,0.844243121,3650,2,2
0.497118393,791.5067094,87.68021653,0.81855235,18834,6038,0.320590422,172.9798081,99.36512628,0.574431937,3002,2,2
0.47928762,626.6072145,88.19421964,0.921892321,22644,6109,0.26978449,197.2510673,76.4241743,0.387446189,2928,2,2
0.581294465,609.529004,92.36181543,0.912148965,22792,6700,0.293962794,195.9604664,80.31612864,0.409858836,3895,2,2
0.468761738,807.7787873,97.64229468,0.757440387,28000,7488,0.267428571,184.7909418,120.6508054,0.652904326,3510,2,2
0.362781787,933.7442995,101.8233255,0.71731804,37195,8143,0.218927275,228.4356838,159.161623,0.696745886,2954,2,2
0.688275409,823.1513703,103.2759782,0.871838536,18382,8377,0.45571755,175.6741929,86.04405888,0.489793392,5766,2,3
0.449043536,1273.065151,117.763004,0.92311907,41184,10892,0.264471639,296.2365214,113.9071542,0.384514217,4891,2,4
0.515080593,1201.810317,131.8080179,0.767407454,42416,13645,0.321694644,230.0418812,147.4935905,0.64115973,7028,2,3
0.623744292,364.8599564,51.07707732,0.801875633,4617,2049,0.443794672,84.11861459,50.26011332,0.597490978,1278,3,3
0.440292445,482.3158005,58.74077941,0.76952283,10179,2710,0.266234404,115.2285016,73.58714545,0.638619303,1193,3,3
0.469766227,893.8620485,95.70624475,0.90742445,34380,7194,0.209249564,228.8155167,96.15177246,0.420215263,3379,3,3
0.521275845,790.2396821,96.9815473,0.797893865,22260,7387,0.331850854,184.6206741,111.2889657,0.60279796,3851,3,3
0.51205346,959.9625535,102.1728488,0.813736341,23668,8199,0.346417103,181.9621975,105.762648,0.581234176,4198,3,4
0.559193639,1070.36562,106.6422787,0.793544875,22794,8932,0.391857506,179.5557292,109.2617683,0.608511735,4995,3,6
0.530784731,938.7321061,109.8823489,0.289053849,27808,9483,0.341016974,153.2957609,146.7520002,0.957312839,5033,3,4
0.580962676,1059.270165,114.0221425,0.934685282,23836,10211,0.428385635,251.7402567,89.48770321,0.355476333,5932,3,3
0.547846259,1050.312842,115.0227461,0.764405255,30338,10391,0.342507746,192.484262,124.1015475,0.644736074,5693,3,4
0.517344349,1122.999133,115.0448828,0.542273665,30618,10395,0.339506173,165.537657,139.0850578,0.840201924,5378,3,4
0.363698095,1416.112878,116.785881,0.898622037,52073,10712,0.205711213,298.9349403,131.1498259,0.438723642,3896,3,6
0.349902595,1452.615403,119.0747478,0.821261856,53110,11136,0.209678027,270.6144678,154.3994785,0.570551456,3897,3,6
